{"cameraMode":{"drawMode":0,"name":"Shaded","section":"Shading Mode"},"sceneLighting":false,"audioPlay":false,"sceneViewState":{"m_AlwaysRefresh":false,"showFog":true,"showSkybox":false,"showFlares":true,"showImageEffects":true,"showParticleSystems":true,"showVisualEffectGraphs":true,"m_FxEnabled":true},"in2DMode":false,"pivot":{"x":0.0411839485168457,"y":0.03532445430755615,"z":0.13290047645568849},"rotation":{"x":0.25009411573410036,"y":-0.1342099905014038,"z":0.03523897007107735,"w":0.9583112597465515},"size":2.0010950565338136,"orthographic":false}