{"cameraMode":{"drawMode":0,"name":"Shaded","section":"Shading Mode"},"sceneLighting":true,"audioPlay":false,"sceneViewState":{"m_AlwaysRefresh":false,"showFog":true,"showSkybox":false,"showFlares":true,"showImageEffects":true,"showParticleSystems":true,"showVisualEffectGraphs":true,"m_FxEnabled":true},"in2DMode":false,"pivot":{"x":-0.003414154052734375,"y":0.7749996185302734,"z":-0.05490303039550781},"rotation":{"x":0.3774193823337555,"y":-0.140513613820076,"z":0.05826856568455696,"w":0.9135496616363525},"size":1.4686765670776368,"orthographic":false}