{"cameraMode":{"drawMode":0,"name":"Shaded","section":"Shading Mode"},"sceneLighting":false,"audioPlay":false,"sceneViewState":{"m_AlwaysRefresh":false,"showFog":true,"showSkybox":false,"showFlares":true,"showImageEffects":true,"showParticleSystems":true,"showVisualEffectGraphs":true,"m_FxEnabled":true},"in2DMode":false,"pivot":{"x":-7.91120719909668,"y":0.2700004577636719,"z":1.557220458984375},"rotation":{"x":0.18524809181690217,"y":0.0018121186876669527,"z":-0.0001200484621222131,"w":0.9827741980552673},"size":39.135772705078128,"orthographic":false}