{"cameraMode":{"drawMode":0,"name":"Shaded","section":"Shading Mode"},"sceneLighting":false,"audioPlay":false,"sceneViewState":{"m_AlwaysRefresh":false,"showFog":true,"showSkybox":false,"showFlares":true,"showImageEffects":true,"showParticleSystems":true,"showVisualEffectGraphs":true,"m_FxEnabled":true},"in2DMode":false,"pivot":{"x":0.012431144714355469,"y":31.188587188720704,"z":1.8236422538757325},"rotation":{"x":0.18524809181690217,"y":0.0018121186876669527,"z":-0.0001200484621222131,"w":0.9827741980552673},"size":32.616973876953128,"orthographic":false}