{"cameraMode":{"drawMode":0,"name":"Shaded","section":"Shading Mode"},"sceneLighting":false,"audioPlay":false,"sceneViewState":{"m_AlwaysRefresh":false,"showFog":true,"showSkybox":false,"showFlares":true,"showImageEffects":true,"showParticleSystems":true,"showVisualEffectGraphs":true,"m_FxEnabled":true},"in2DMode":false,"pivot":{"x":-0.11112642288208008,"y":1.3897385597229005,"z":-0.28456562757492068},"rotation":{"x":0.3774193823337555,"y":-0.140513613820076,"z":0.05826856568455696,"w":0.9135496616363525},"size":3.272895574569702,"orthographic":false}