{"cameraMode":{"drawMode":0,"name":"Shaded","section":"Shading Mode"},"sceneLighting":true,"audioPlay":false,"sceneViewState":{"m_AlwaysRefresh":false,"showFog":true,"showSkybox":false,"showFlares":true,"showImageEffects":true,"showParticleSystems":true,"showVisualEffectGraphs":true,"m_FxEnabled":true},"in2DMode":false,"pivot":{"x":-0.13700008392333985,"y":1.748729944229126,"z":-0.012000083923339844},"rotation":{"x":0.3774193823337555,"y":-0.140513613820076,"z":0.05826856568455696,"w":0.9135496616363525},"size":6.413102626800537,"orthographic":false}